City_ID,City,Country,Lat,Lng,Max Temp,Humidity,Cloudiness,Wind Speed,Current Description
0,Puerto Ayora,EC,-0.7393,-90.3518,80.56,90,66,5.01,broken clouds
1,La Roche-Sur-Yon,FR,46.6667,-1.4333,50.32,87,75,8.05,broken clouds
2,Torbay,CA,47.6666,-52.7314,37.27,79,75,16.11,broken clouds
3,Saint-Philippe,RE,-21.3585,55.7679,67.59,75,34,9.15,light rain
4,Ahipara,NZ,-35.1667,173.1667,65.34,85,100,1.1,overcast clouds
5,Mocuba,MZ,-16.8392,36.9856,72.63,90,61,1.14,broken clouds
6,Mataura,NZ,-46.1927,168.8643,58.48,57,99,2.48,overcast clouds
7,Kapaa,US,22.0752,-159.319,79.12,63,40,12.66,scattered clouds
8,Faanui,PF,-16.4833,-151.75,78.46,77,98,1.36,light rain
9,Busselton,AU,-33.65,115.3333,53.47,86,43,7.92,scattered clouds
10,Jacqueville,CI,5.2052,-4.4146,80.53,78,11,10.54,few clouds
11,Hobart,AU,-42.8794,147.3294,46.26,75,75,14.97,broken clouds
12,Cockburn Town,TC,21.4612,-71.1419,84.16,70,40,11.5,scattered clouds
13,Yeppoon,AU,-23.1333,150.7333,76.78,80,87,4.92,overcast clouds
14,Rikitea,PF,-23.1203,-134.9692,74.82,81,100,17.47,overcast clouds
15,Leningradskiy,RU,69.3833,178.4167,6.24,92,100,3.56,overcast clouds
16,Ushuaia,AR,-54.8,-68.3,64.06,29,75,12.66,broken clouds
17,Tuktoyaktuk,CA,69.4541,-133.0374,-5.8,84,20,6.91,few clouds
18,Kahului,US,20.8947,-156.47,77.97,83,75,12.66,broken clouds
19,North Guwahati,IN,26.2014,91.7236,66.15,94,40,0.0,mist
20,Ballina,AU,-28.8667,153.5667,67.01,79,1,9.01,clear sky
21,Nueve De Julio,AR,-35.4444,-60.8831,85.96,31,2,7.0,clear sky
22,Cape Town,ZA,-33.9258,18.4232,64.11,89,75,5.75,light rain
23,The Valley,AI,18.217,-63.0578,84.06,78,20,14.97,few clouds
24,Ilulissat,GL,69.2167,-51.1,23.02,93,75,4.61,light snow
25,Tahta,EG,26.7693,31.5021,63.64,41,0,7.18,clear sky
26,Punta Arenas,CL,-53.15,-70.9167,55.51,54,0,23.02,clear sky
27,Shieli,KZ,44.1667,66.75,35.91,72,67,10.33,broken clouds
28,New Norfolk,AU,-42.7826,147.0587,45.91,77,100,4.0,overcast clouds
29,Thompson,CA,55.7435,-97.8558,14.16,92,20,5.75,few clouds
30,Barrow,US,71.2906,-156.7887,24.82,80,100,29.93,overcast clouds
31,Atuona,PF,-9.8,-139.0333,77.65,72,4,17.29,clear sky
32,Camana,PE,-16.6228,-72.7111,68.72,70,8,6.29,clear sky
33,Ponta Do Sol,PT,32.6667,-17.1,70.43,72,100,4.34,overcast clouds
34,Mehamn,NO,71.0357,27.8492,40.91,87,75,17.27,broken clouds
35,Port Hardy,CA,50.6996,-127.4199,42.98,81,75,4.61,broken clouds
36,Tepla,CZ,49.98,12.8643,36.75,95,54,3.78,broken clouds
37,Price,US,39.5994,-110.8107,39.11,25,0,5.75,clear sky
38,Butaritari,KI,3.0707,172.7902,81.28,78,40,14.7,scattered clouds
39,Staveley,GB,53.2667,-1.35,48.4,94,89,8.3,overcast clouds
40,Albany,US,42.6001,-73.9662,37.38,57,100,3.74,overcast clouds
41,Tasiilaq,GL,65.6145,-37.6368,32.16,64,15,6.6,few clouds
42,Tres Lagoas,BR,-20.7511,-51.6783,88.39,29,0,14.18,clear sky
43,Natal,BR,-5.795,-35.2094,81.25,69,20,13.8,few clouds
44,Saskylakh,RU,71.9167,114.0833,-11.97,97,100,6.82,overcast clouds
45,Castro,BR,-24.7911,-50.0119,66.92,61,0,3.62,clear sky
46,East London,ZA,-33.0153,27.9116,68.2,75,100,19.53,overcast clouds
47,Jamestown,US,42.097,-79.2353,36.99,72,100,8.05,snow
48,Bambanglipuro,ID,-7.95,110.2833,74.98,98,100,7.02,overcast clouds
49,Vaini,TO,-21.2,-175.2,78.96,83,20,8.05,few clouds
50,Maine-Soroa,NE,13.2114,12.0241,75.13,22,65,9.57,broken clouds
51,Banda Aceh,ID,5.5577,95.3222,78.93,79,100,14.36,light rain
52,Zhoucun,CN,36.8167,117.8167,47.17,39,3,3.6,clear sky
53,Geraldton,AU,-28.7667,114.6,54.01,82,2,6.91,clear sky
54,Poya,NC,-21.35,165.15,79.09,67,3,3.49,clear sky
55,Okha,RU,53.5739,142.9478,17.91,88,29,10.78,scattered clouds
56,Rawson,AR,-43.3002,-65.1023,79.18,31,2,10.4,clear sky
57,Bambous Virieux,MU,-20.3428,57.7575,71.85,60,40,8.05,scattered clouds
58,Ribeira Grande,PT,38.5167,-28.7,66.78,94,40,23.02,scattered clouds
59,Duzce,TR,40.8389,31.1639,52.21,63,100,3.65,overcast clouds
60,Dabat,ET,12.9842,37.765,54.77,55,48,0.6,scattered clouds
61,Hermanus,ZA,-34.4187,19.2345,61.81,82,100,6.8,light rain
62,Tocopilla,CL,-22.092,-70.1979,66.78,72,22,7.76,few clouds
63,Taoudenni,ML,22.6783,-3.9836,79.59,13,74,11.81,broken clouds
64,Erechim,BR,-27.6342,-52.2739,64.74,69,0,4.16,clear sky
65,Souillac,MU,-20.5167,57.5167,71.98,60,40,8.05,scattered clouds
66,Jiayuguan,CN,39.8167,98.3,29.1,32,0,1.07,clear sky
67,Bethel,US,41.3712,-73.414,42.89,54,100,4.61,overcast clouds
68,Lompoc,US,34.6391,-120.4579,70.02,60,0,10.36,clear sky
69,Bathsheba,BB,13.2167,-59.5167,84.81,70,40,18.41,scattered clouds
70,Maneadero,MX,31.7167,-116.5667,66.09,35,5,7.0,clear sky
71,Cherskiy,RU,68.75,161.3,-23.64,99,67,5.41,broken clouds
72,Ayan,RU,56.45,138.1667,6.58,66,3,13.4,clear sky
73,Pisco,PE,-13.7,-76.2167,73.45,56,0,21.85,clear sky
74,Hammerfest,NO,70.6634,23.6821,41.45,70,75,11.5,broken clouds
75,Yellowknife,CA,62.456,-114.3525,23.52,80,100,18.41,light snow
76,Bilma,NE,18.6853,12.9164,69.87,23,21,7.58,few clouds
77,Hun,LY,29.1268,15.9477,64.78,31,3,5.01,clear sky
78,Khasan,RU,42.4308,130.6434,34.9,60,32,4.21,scattered clouds
79,Norman Wells,CA,65.282,-126.8329,10.44,85,75,5.75,broken clouds
80,Lebu,CL,-37.6167,-73.65,61.54,78,24,9.13,few clouds
81,Bredasdorp,ZA,-34.5322,20.0403,63.19,81,54,10.51,light rain
82,Rocha,UY,-34.4833,-54.3333,66.99,57,0,12.35,clear sky
83,Naze,JP,28.3667,129.4833,65.32,68,100,12.55,overcast clouds
84,Yar-Sale,RU,66.8333,70.8333,-11.22,93,25,4.25,scattered clouds
85,Bengkulu,ID,-3.8004,102.2655,75.52,87,100,9.57,light rain
86,Hondo,JP,32.45,130.2,57.76,55,0,8.25,clear sky
87,Buala,SB,-8.145,159.5921,82.27,75,87,4.27,light rain
88,Bluff,NZ,-46.6,168.3333,58.8,67,100,3.24,overcast clouds
89,Hauterive,FR,46.0901,3.4459,57.96,93,100,7.76,light rain
90,Asau,RO,46.4333,26.4,36.52,63,44,5.32,scattered clouds
91,Cabo San Lucas,MX,22.8909,-109.9124,83.61,62,10,4.0,clear sky
92,Walvis Bay,NA,-22.9575,14.5053,60.1,82,0,6.91,clear sky
93,Calamar,CO,10.2511,-74.9146,83.48,81,92,7.47,moderate rain
94,Hithadhoo,MV,-0.6,73.0833,81.3,77,97,15.59,overcast clouds
95,West Helena,US,34.5507,-90.6418,46.15,53,57,12.95,broken clouds
96,Bowen,AU,-20.0167,148.2333,78.89,75,95,4.59,overcast clouds
97,Boende,CD,-0.2167,20.8667,70.97,98,100,1.59,moderate rain
98,Puerto Del Rosario,ES,28.5004,-13.8627,73.15,40,0,6.91,clear sky
99,Tiksi,RU,71.6872,128.8694,-20.2,99,80,8.05,broken clouds
100,Khatanga,RU,71.9667,102.5,-8.23,97,99,12.03,overcast clouds
101,Bonanza,NI,14.0289,-84.591,85.37,59,83,3.22,broken clouds
102,Lubango,AO,-14.9172,13.4925,63.27,38,90,1.3,overcast clouds
103,Nantucket,US,41.2835,-70.0995,46.54,69,88,6.08,overcast clouds
104,Koungou,YT,-12.7336,45.2042,74.91,88,0,2.3,clear sky
105,Severo-Kurilsk,RU,50.6789,156.125,34.5,80,96,22.01,light snow
106,Kudahuvadhoo,MV,2.6708,72.8944,81.1,74,78,12.84,broken clouds
107,Padang,ID,-0.9492,100.3543,75.33,88,100,5.66,overcast clouds
108,Avarua,CK,-21.2078,-159.775,77.05,61,40,12.66,scattered clouds
109,San Jeronimo,PE,-11.9472,-75.2829,57.45,70,97,6.11,overcast clouds
110,Russell,US,32.3502,-85.1999,60.4,88,100,3.44,overcast clouds
111,Qaanaaq,GL,77.484,-69.3632,-3.28,73,9,6.91,clear sky
112,Portland,US,45.5234,-122.6762,56.93,49,0,20.71,clear sky
113,Surin,TH,14.8818,103.4936,74.64,87,95,2.73,overcast clouds
114,Coruripe,BR,-10.1256,-36.1756,77.22,82,27,11.14,scattered clouds
115,Port Hedland,AU,-20.3167,118.5667,73.45,100,75,3.44,moderate rain
116,Mar Del Plata,AR,-38.0023,-57.5575,76.82,35,0,13.8,clear sky
117,Ancud,CL,-41.8697,-73.8203,54.34,98,100,11.99,light rain
118,Port Blair,IN,11.6667,92.75,76.46,88,100,3.96,overcast clouds
119,Xining,CN,36.6167,101.7667,31.96,64,1,1.81,clear sky
120,Elliot Lake,CA,46.3834,-82.6331,29.44,49,100,7.31,overcast clouds
121,Tura,IN,25.5198,90.2201,60.69,89,0,3.33,clear sky
122,Paamiut,GL,61.994,-49.6678,19.51,79,100,7.16,overcast clouds
123,Chuy,UY,-33.6971,-53.4616,70.66,47,0,11.61,clear sky
124,Yarmouth,US,41.7057,-70.2286,45.07,63,40,5.75,scattered clouds
125,Saint George,US,37.1041,-113.5841,52.43,27,0,10.0,clear sky
126,Shahr-E Babak,IR,30.1165,55.1186,51.93,52,0,3.22,clear sky
127,Kuvshinovo,RU,57.0295,34.1725,27.36,96,100,7.23,overcast clouds
128,San Quintin,MX,30.4833,-115.95,66.29,39,0,7.72,clear sky
129,Kirakira,SB,-10.4544,161.9205,82.9,74,40,3.09,scattered clouds
130,Katsuura,JP,35.1333,140.3,54.79,81,2,9.13,clear sky
131,Chokurdakh,RU,70.6333,147.9167,-35.61,100,51,1.43,broken clouds
132,Terrace Bay,CA,48.7834,-87.1,28.24,66,73,10.16,broken clouds
133,Yola,NG,9.2,12.4833,79.97,30,50,2.57,scattered clouds
134,Provideniya,RU,64.3833,-173.3,32.11,80,100,33.55,overcast clouds
135,Lagoa,PT,39.05,-27.9833,64.02,90,9,25.08,clear sky
136,Beringovskiy,RU,63.05,179.3167,38.1,95,100,28.5,moderate rain
137,Yulara,AU,-25.2406,130.9889,67.89,57,100,12.93,light rain
138,Great Bend,US,38.3645,-98.7648,40.6,61,0,11.5,clear sky
139,Maniitsoq,GL,65.4167,-52.9,22.01,87,100,11.03,light snow
140,Zyryanskoye,RU,56.8306,86.6258,33.85,97,100,12.41,overcast clouds
141,Gravelbourg,CA,49.8834,-106.5512,21.47,89,100,3.76,overcast clouds
142,Pangody,RU,65.85,74.4859,-14.58,95,12,6.33,few clouds
143,Port Elizabeth,ZA,-33.918,25.5701,63.32,79,0,11.5,clear sky
144,Hambantota,LK,6.1241,81.1185,77.07,86,100,6.73,overcast clouds
145,Veraval,IN,20.9,70.3667,76.69,52,0,6.24,clear sky
146,Pietrosani,RO,45.1833,24.85,41.81,75,56,2.06,broken clouds
147,Kendari,ID,-3.945,122.4989,74.66,94,100,4.36,overcast clouds
148,Puerto Escondido,MX,15.85,-97.0667,84.79,68,12,5.66,few clouds
149,Hay River,CA,60.8156,-115.7999,24.78,74,40,23.02,scattered clouds
150,Glendive,US,47.1053,-104.7125,17.22,79,20,3.44,few clouds
151,Kavieng,PG,-2.5744,150.7967,82.09,70,99,11.72,overcast clouds
152,Georgetown,MY,5.4112,100.3354,81.23,89,20,2.3,few clouds
153,Sao Filipe,CV,14.8961,-24.4956,75.96,72,67,6.69,broken clouds
154,Narsaq,GL,60.9167,-46.05,30.42,96,100,3.74,light snow
155,Constitucion,CL,-35.3333,-72.4167,65.53,64,7,16.96,clear sky
156,Ouesso,CG,1.6136,16.0517,71.1,97,96,1.54,light rain
157,Rezina,MD,47.7492,28.9622,41.38,88,55,7.07,broken clouds
158,Narsipatnam,IN,17.6667,82.6167,64.83,63,0,3.53,clear sky
159,De-Kastri,RU,51.4667,140.7833,14.22,93,11,5.06,few clouds
160,Port Alfred,ZA,-33.5906,26.891,62.19,89,76,5.01,broken clouds
161,Isla Mujeres,MX,21.2311,-86.731,84.16,76,10,9.1,light rain
162,Hilo,US,19.7297,-155.09,82.26,70,0,6.91,clear sky
163,Kelso,US,46.1468,-122.9084,58.39,64,4,1.99,clear sky
164,Mizdah,LY,31.4451,12.9801,57.69,34,0,5.61,clear sky
165,Gizo,SB,-8.103,156.8419,83.16,72,96,7.67,overcast clouds
166,Adjumani,UG,3.3779,31.7909,68.5,93,100,3.29,overcast clouds
167,Flinders,AU,-34.5833,150.8552,55.18,73,19,4.0,few clouds
168,Lorengau,PG,-2.0226,147.2712,81.32,75,97,1.77,overcast clouds
169,Tabuk,PH,17.4189,121.4443,72.3,94,17,1.45,few clouds
170,Bekovo,RU,52.4663,43.712,28.62,69,100,5.57,overcast clouds
171,San Rafael Del Sur,NI,11.8485,-86.4384,81.57,73,98,10.96,overcast clouds
172,Fortuna,US,40.5982,-124.1573,60.93,66,0,3.44,clear sky
173,Sitka,US,57.0531,-135.33,48.09,87,75,0.0,broken clouds
174,Touros,BR,-5.1989,-35.4608,78.42,73,25,13.53,scattered clouds
175,Dikson,RU,73.5069,80.5464,-8.91,99,15,5.3,few clouds
176,Kroonstad,ZA,-27.6504,27.2349,63.55,64,16,5.59,few clouds
177,Cap-Aux-Meules,CA,47.3821,-61.8597,35.65,69,100,16.11,overcast clouds
178,Port Macquarie,AU,-31.4333,152.9167,65.89,66,2,11.81,clear sky
179,Kodiak,US,57.79,-152.4072,42.31,75,40,6.91,scattered clouds
180,Carnarvon,AU,-24.8667,113.6333,69.98,75,0,13.6,clear sky
181,Arraial Do Cabo,BR,-22.9661,-42.0278,78.66,89,100,12.66,moderate rain
182,Stilfontein,ZA,-26.8449,26.7683,68.25,47,10,6.22,clear sky
183,Littleton,US,39.6133,-105.0166,37.69,46,20,5.75,light rain
184,Izhma,RU,65.0083,53.9113,-9.69,100,88,3.22,overcast clouds
185,Sola,VU,-13.8833,167.55,77.67,100,0,0.0,clear sky
186,Kaitangata,NZ,-46.2817,169.8464,58.96,72,100,2.86,overcast clouds
187,Buta,CD,2.7858,24.73,71.4,87,96,1.1,light rain
188,Koslan,RU,63.4564,48.8989,5.83,97,98,1.97,overcast clouds
189,Chabahar,IR,25.2919,60.643,78.62,70,0,5.53,clear sky
190,College,US,64.8569,-147.8028,17.55,90,100,5.75,overcast clouds
191,Hofn,IS,64.2539,-15.2082,46.08,95,100,17.56,overcast clouds
192,Sisimiut,GL,66.9395,-53.6735,19.02,91,100,8.9,overcast clouds
193,Namibe,AO,-15.1961,12.1522,66.42,81,24,10.31,few clouds
194,Ostrovnoy,RU,68.0531,39.5131,37.94,79,100,19.98,light rain
195,Zuenoula,CI,7.4292,-6.0431,78.57,64,64,3.47,broken clouds
196,Kyaikkami,MM,16.08,97.5675,77.31,86,100,5.26,overcast clouds
197,Tecoanapa,MX,16.5167,-98.75,83.82,71,5,7.34,clear sky
198,Airai,TL,-8.9266,125.4092,61.16,88,81,1.81,broken clouds
199,Talcahuano,CL,-36.7167,-73.1167,67.68,64,0,13.8,clear sky
200,Gat,IL,31.61,34.7642,66.88,100,11,4.27,few clouds
201,Adre,TD,13.4667,22.2,71.15,23,14,12.35,few clouds
202,Rampura,IN,30.25,75.2333,62.8,47,0,6.98,clear sky
203,Ha Tinh,VN,18.3333,105.9,72.73,94,12,1.74,few clouds
204,Mankono,CI,8.0586,-6.1897,78.12,60,44,2.66,scattered clouds
205,Shepsi,RU,44.0361,39.1489,51.87,69,3,5.91,clear sky
206,Ranaghat,IN,23.1833,88.5833,65.35,52,0,6.33,clear sky
207,Saint-Augustin,CA,51.226,-58.6502,23.32,81,94,7.16,overcast clouds
208,Cidreira,BR,-30.1811,-50.2056,74.86,50,2,11.01,clear sky
209,Le Pradet,FR,43.1066,6.0172,62.29,83,100,8.05,overcast clouds
210,Kidal,ML,18.4411,1.4078,75.34,15,100,11.01,overcast clouds
211,Scarborough,GB,54.2797,-0.4044,46.9,92,90,5.99,overcast clouds
212,Mahebourg,MU,-20.4081,57.7,71.89,60,40,8.05,scattered clouds
213,Sabha,LY,27.0377,14.4283,62.85,34,100,2.98,overcast clouds
214,Waipawa,NZ,-41.4122,175.5153,65.7,52,0,5.95,clear sky
215,Fairbanks,US,64.8378,-147.7164,17.56,90,100,5.75,overcast clouds
216,Tautira,PF,-17.7333,-149.15,78.4,79,91,3.96,light rain
217,Tuatapere,NZ,-46.1333,167.6833,65.48,58,91,2.48,overcast clouds
218,Villa De Cura,VE,10.0386,-67.4894,88.45,86,38,1.28,scattered clouds
219,Luderitz,NA,-26.6481,15.1594,59.27,82,5,10.22,clear sky
220,San Vicente,AR,-26.6167,-54.1333,70.77,53,0,2.57,clear sky
221,Codrington,AU,-38.2667,141.9667,49.82,67,87,13.31,overcast clouds
222,Yuanping,CN,38.7153,112.7575,37.22,44,22,0.87,few clouds
223,Nikolskoye,RU,59.7035,30.7861,33.8,84,100,6.24,overcast clouds
224,Namtsy,RU,62.7161,129.6658,-43.44,100,75,0.87,broken clouds
225,Ridgecrest,US,35.6225,-117.6709,61.65,24,0,8.99,clear sky
226,Hohhot,CN,40.8106,111.6522,23.29,93,0,2.24,clear sky
227,Springdale,US,36.1867,-94.1288,36.73,89,100,10.36,overcast clouds
228,Jining,CN,35.405,116.5814,45.25,65,4,4.14,clear sky
229,Pevek,RU,69.7008,170.3133,-6.52,93,100,1.59,overcast clouds
230,Brae,GB,60.3964,-1.353,50.92,87,100,43.37,light rain
231,Ede,NL,52.0333,5.6583,52.92,94,100,11.5,light rain
232,Palauig,PH,15.435,119.9045,79.93,72,4,4.97,clear sky
233,Naifaru,MV,5.4444,73.3657,81.23,77,100,9.22,overcast clouds
234,Inuvik,CA,68.3499,-133.7218,7.66,85,20,4.61,few clouds
235,Looc,PH,12.2605,121.9926,78.51,89,41,10.67,scattered clouds
236,Klaksvik,FO,62.2266,-6.589,50.92,89,100,35.84,light rain
237,Tornio,FI,65.8481,24.1466,21.22,70,69,3.78,broken clouds
238,Port-Gentil,GA,-0.7193,8.7815,80.56,83,40,10.36,scattered clouds
239,Hvide Sande,DK,56.0045,8.1294,50.31,87,100,29.89,overcast clouds
240,Staraya Russa,RU,57.9944,31.3608,29.89,92,81,8.77,broken clouds
241,Grants,US,35.1473,-107.8514,46.63,21,0,9.22,clear sky
242,Guerrero Negro,MX,27.9769,-114.0611,73.45,25,17,5.61,few clouds
243,Frutal,BR,-20.0247,-48.9406,86.25,40,100,3.91,overcast clouds
244,Takoradi,GH,4.8845,-1.7554,79.36,81,11,8.41,few clouds
245,Grindavik,IS,63.8424,-22.4338,51.75,93,100,11.5,light intensity drizzle
246,Werda,BW,-25.2667,23.2833,79.03,32,29,13.27,scattered clouds
247,Namatanai,PG,-3.6667,152.4333,80.96,70,98,6.76,overcast clouds
248,Krasnoselkup,RU,65.7,82.4667,-16.71,85,3,10.11,clear sky
249,Basoko,CD,1.2391,23.616,71.29,96,100,3.98,overcast clouds
250,Healesville,AU,-37.65,145.5167,48.9,99,100,1.79,light rain
251,Makakilo City,US,21.3469,-158.0858,79.12,56,0,10.36,clear sky
252,Sarab,IR,38.6066,44.9883,44.1,53,0,1.1,clear sky
253,Ascension,US,30.2169,-90.9001,52.0,76,100,12.66,overcast clouds
254,Dalby,AU,-27.1833,151.2667,64.98,57,4,1.01,clear sky
255,Salalah,OM,17.0151,54.0924,75.29,53,0,4.61,clear sky
256,La Cruz,MX,23.9167,-106.9,80.08,52,0,9.55,clear sky
257,Dali,CN,25.7,100.1833,45.61,80,4,3.85,clear sky
258,San Felipe,VE,10.3399,-68.7425,77.54,93,97,4.29,overcast clouds
259,Druzhba,UA,52.0428,33.9453,33.21,91,48,9.15,scattered clouds
260,Coahuayana,MX,18.7333,-103.6833,88.41,50,57,6.29,broken clouds
261,Xuanhua,CN,40.6103,115.0447,36.5,52,13,1.43,few clouds
262,Pierre,US,44.3683,-100.351,21.85,83,100,18.41,overcast clouds
263,Summerville,US,33.0185,-80.1757,76.95,85,75,8.05,broken clouds
264,Frederico Westphalen,BR,-27.3592,-53.3944,68.99,67,0,2.46,clear sky
265,Passy,FR,45.9203,6.6877,48.18,81,100,5.75,light rain
266,Kulhudhuffushi,MV,6.6221,73.07,81.01,77,97,9.64,overcast clouds
267,Clyde River,CA,70.4692,-68.5914,-3.77,71,20,12.66,few clouds
268,Biryusinsk,RU,55.9634,97.8235,36.79,74,100,11.81,overcast clouds
269,Cayambe,EC,0.05,-78.1333,65.46,82,98,2.17,light rain
270,Vila Do Maio,CV,15.1333,-23.2167,75.99,73,34,13.02,scattered clouds
271,Idritsa,RU,56.3316,28.8988,33.87,95,100,8.9,overcast clouds
272,Saint-Louis,SN,16.3333,-15.0,89.42,14,58,5.1,broken clouds
273,Hervey Bay,AU,-25.2986,152.8535,72.72,50,99,5.17,overcast clouds
274,Ugoofaaru,MV,5.6667,73.0,80.91,78,100,8.68,overcast clouds
275,Coquimbo,CL,-29.9533,-71.3436,69.53,60,40,10.36,scattered clouds
276,Port Lincoln,AU,-34.7333,135.8667,54.34,63,38,8.63,scattered clouds
277,Harnosand,SE,62.6323,17.9379,35.01,83,48,5.59,scattered clouds
278,Diego De Almagro,CL,-26.3667,-70.05,76.05,29,84,8.12,broken clouds
279,Bhadrachalam,IN,17.6667,80.8833,63.23,84,95,1.92,overcast clouds
280,Palmer,US,42.1584,-72.3287,41.86,51,75,6.91,broken clouds
281,Nara,JP,34.6851,135.8049,50.5,54,6,5.5,clear sky
282,Simao Dias,BR,-10.7383,-37.8111,76.77,72,70,14.79,broken clouds
283,Marawi,PH,7.9986,124.2928,68.25,94,99,1.43,overcast clouds
284,Vanavara,RU,60.34,102.2797,11.25,96,100,2.01,overcast clouds
285,Meadow Lake,US,34.8014,-106.5436,49.3,28,1,6.73,clear sky
286,Nanortalik,GL,60.1432,-45.2371,28.47,85,100,16.28,light snow
287,Kruisfontein,ZA,-34.0033,24.7314,59.88,79,70,9.89,broken clouds
288,Kouango,CF,4.9934,19.9619,73.94,60,68,2.1,broken clouds
289,Kingaroy,AU,-26.5333,151.8333,67.64,43,2,7.56,clear sky
290,Lagunas,PE,-5.2269,-75.6753,75.4,97,100,3.36,overcast clouds
291,Alofi,NU,-19.0595,-169.9187,82.29,78,75,9.22,broken clouds
292,Sobolevo,RU,54.4299,31.8996,34.5,98,100,4.63,overcast clouds
293,Tamiahua,MX,21.2667,-97.45,66.18,88,100,18.37,light rain
294,Saldanha,ZA,-33.0117,17.9442,66.25,79,99,4.54,light rain
295,Rio Grande,BR,-32.035,-52.0986,86.11,53,0,13.15,clear sky
296,Les Escoumins,CA,48.1111,-69.0236,27.75,86,54,2.95,broken clouds
297,Coihaique,CL,-45.5752,-72.0662,61.41,44,40,10.36,scattered clouds
298,Petropavlovsk-Kamchatskiy,RU,53.0452,158.6483,28.99,64,75,4.47,broken clouds
299,Gilgit,PK,35.9221,74.3087,35.55,63,100,3.06,overcast clouds
300,Syktyvkar,RU,61.6764,50.8099,6.53,84,0,4.47,clear sky
301,Tiarei,PF,-17.5333,-149.3333,84.22,80,97,9.04,light rain
302,Tilichiki,RU,60.4667,166.1,23.04,95,100,10.65,light snow
303,Baykit,RU,61.67,96.37,1.83,97,100,2.86,light snow
304,San-Pedro,CI,4.7485,-6.6363,77.65,86,0,4.88,light rain
305,Ambon,ID,-3.6954,128.1814,78.94,89,40,5.75,scattered clouds
306,Constantine,DZ,36.365,6.6147,58.41,41,0,3.44,clear sky
307,La Ronge,CA,55.1001,-105.2842,26.85,74,75,5.75,light snow
308,Miraflores,MX,19.2167,-98.8083,78.98,33,5,8.43,clear sky
309,Ordynskoye,RU,54.3656,81.8994,32.5,94,100,19.46,light snow
310,Itarema,BR,-2.9248,-39.9167,78.94,69,24,15.86,few clouds
311,Peterhead,GB,57.5058,-1.7981,52.2,95,100,26.15,light rain
312,Talnakh,RU,69.4865,88.3972,-13.0,99,93,4.21,overcast clouds
313,Labuhan,ID,-6.8844,112.2051,79.21,83,100,3.78,overcast clouds
314,Batagay-Alyta,RU,67.8006,130.4114,-25.06,88,83,3.49,broken clouds
315,Lazaro Cardenas,MX,17.9583,-102.2,83.28,69,48,8.86,scattered clouds
316,Urucurituba,BR,-2.6833,-57.6667,91.38,44,87,3.24,overcast clouds
317,Haines Junction,CA,60.7522,-137.5108,31.95,80,100,3.44,overcast clouds
318,Hasaki,JP,35.7333,140.8333,48.22,79,25,9.91,scattered clouds
319,Ceres,US,37.5949,-120.9577,62.92,51,0,8.05,clear sky
320,Nukus,UZ,42.4531,59.6103,35.58,75,100,11.5,overcast clouds
321,Kamogawa,JP,35.1,140.1,52.14,84,5,6.58,clear sky
322,Fuyang,CN,32.9,115.8167,48.36,62,82,6.13,broken clouds
323,Syracuse,IT,37.0881,15.2792,62.31,70,71,8.86,broken clouds
324,Tsaratanana,MG,-16.7833,47.65,72.64,75,15,3.65,few clouds
325,Pavilosta,LV,56.8879,21.1859,40.91,70,88,18.14,overcast clouds
326,Nieuw Nickerie,SR,5.95,-56.9833,80.78,83,97,12.75,overcast clouds
327,Novikovo,RU,51.1537,37.8879,32.0,64,100,9.04,overcast clouds
328,La Palma,US,33.8464,-118.0467,76.19,33,20,11.5,few clouds
329,Toora-Khem,RU,52.4675,96.11,21.02,91,98,2.66,light snow
330,Hami,CN,42.8,93.45,36.75,37,83,5.7,broken clouds
331,Aksarka,RU,66.5606,67.7975,-9.99,89,24,6.33,few clouds
332,Henties Bay,NA,-22.116,14.2845,60.37,85,0,9.26,clear sky
333,Wanning,CN,18.8003,110.3967,75.36,92,30,4.61,scattered clouds
334,Victoria,HK,22.2855,114.1577,75.38,85,30,7.0,scattered clouds
335,Karratha,AU,-20.7377,116.8463,73.81,72,12,5.35,few clouds
336,Merauke,ID,-8.4667,140.3333,78.48,86,100,3.38,overcast clouds
337,Iguape,BR,-24.7081,-47.5553,72.77,65,0,8.28,clear sky
338,Allapalli,IN,19.4167,80.0667,57.43,64,0,2.13,clear sky
339,Aswan,EG,24.0934,32.907,69.1,32,0,6.91,clear sky
340,Te Anau,NZ,-45.4167,167.7167,59.77,74,100,3.58,overcast clouds
341,Ponnani,IN,10.767,75.9252,76.32,90,91,5.3,overcast clouds
342,Coffs Harbour,AU,-30.3,153.1333,66.16,68,0,8.05,clear sky
343,Jalu,LY,29.0331,21.5482,61.32,49,0,2.77,clear sky
344,Puiesti,RO,46.4167,27.5,39.88,91,100,6.22,overcast clouds
345,Broome,US,42.2506,-75.833,37.71,71,100,6.91,light snow
346,Gamba,GA,-2.65,10.0,77.09,81,59,7.14,broken clouds
347,Taitung,TW,22.7583,121.1444,74.53,84,45,5.32,scattered clouds
348,Lavrentiya,RU,65.5833,-171.0,29.91,82,100,30.76,overcast clouds
349,Shreveport,US,32.5251,-93.7502,50.14,60,100,12.66,overcast clouds
350,Eureka,US,40.8021,-124.1637,61.2,80,0,1.99,clear sky
351,Husavik,IS,66.0449,-17.3389,44.28,90,100,9.31,overcast clouds
352,Rio Gallegos,AR,-51.6226,-69.2181,71.65,15,40,24.16,scattered clouds
353,Sao Felix Do Xingu,BR,-6.6447,-51.995,75.49,94,100,1.54,moderate rain
354,Najran,SA,17.4924,44.1277,65.05,36,0,0.56,clear sky
355,Lac Du Bonnet,CA,50.2536,-96.0612,26.22,76,100,3.6,overcast clouds
356,Osakarovka,KZ,50.565,72.5692,22.98,86,71,17.34,broken clouds
357,Upernavik,GL,72.7868,-56.1549,18.86,90,100,9.95,light snow
358,Shimanovsk,RU,52.0,127.7,17.46,95,100,3.94,light snow
359,Noumea,NC,-22.2763,166.4572,78.01,99,0,1.57,clear sky
360,San Cristobal,VE,7.7669,-72.225,78.98,68,84,4.25,broken clouds
361,Lagos,NG,6.5833,3.75,82.72,84,72,4.29,broken clouds
362,Mareeba,AU,-17.0,145.4333,75.43,90,55,2.26,broken clouds
363,Herat,AF,34.5,62.0,49.68,33,0,3.83,clear sky
364,Glasgow,GB,55.8652,-4.2576,48.81,92,89,3.44,overcast clouds
365,San Carlos De Bariloche,AR,-41.1456,-71.3082,62.35,48,40,29.93,scattered clouds
366,Los Llanos De Aridane,ES,28.6585,-17.9182,72.12,32,0,5.75,clear sky
367,Vardo,NO,70.3705,31.1107,41.23,74,100,26.49,overcast clouds
368,Sept-Iles,CA,50.2001,-66.3821,26.6,71,75,8.05,broken clouds
369,Rundu,NA,-17.9333,19.7667,79.74,40,50,8.61,scattered clouds
370,Half Moon Bay,US,37.4636,-122.4286,67.01,38,0,16.11,clear sky
371,Nago,JP,26.5881,127.9761,70.65,79,100,10.0,light rain
372,Evensk,RU,61.95,159.2333,14.77,71,100,11.16,overcast clouds
373,Licheng,CN,23.2955,113.8284,70.38,88,20,2.08,few clouds
374,Nizwa,OM,22.9333,57.5333,74.66,37,0,5.82,clear sky
375,Dingle,PH,10.9995,122.6711,75.56,93,63,6.26,broken clouds
376,Puerto Ayacucho,VE,5.6639,-67.6236,84.67,77,100,3.94,moderate rain
377,Fort Nelson,CA,58.8053,-122.7002,36.95,70,75,0.0,broken clouds
378,Monster,NL,52.0258,4.175,53.98,95,75,11.5,broken clouds
379,Charagua,BO,-19.8,-63.2167,85.57,45,100,3.22,overcast clouds
380,Kattivakkam,IN,13.2167,80.3167,77.09,73,13,8.21,few clouds
381,Minot,US,48.2325,-101.2963,19.62,73,75,10.36,broken clouds
382,Lata,PT,40.1629,-8.3327,60.82,94,100,3.04,overcast clouds
383,Avera,US,33.194,-82.5271,62.11,89,96,3.96,overcast clouds
384,Acapulco,MX,16.8634,-99.8901,85.82,66,0,11.5,clear sky
385,Tondano,ID,1.3038,124.9112,68.09,94,99,3.06,overcast clouds
386,Longyearbyen,SJ,78.2186,15.6401,37.24,75,75,17.27,light rain
387,Samarinda,ID,-0.5,117.15,71.98,98,100,1.83,overcast clouds
388,Iqaluit,CA,63.7506,-68.5145,1.13,77,20,16.11,few clouds
389,Rantauprapat,ID,2.1,99.8333,73.67,96,100,1.23,overcast clouds
390,Chumikan,RU,54.7183,135.315,11.32,76,100,6.91,overcast clouds
391,Richards Bay,ZA,-28.783,32.0377,68.32,79,27,10.38,scattered clouds
392,Bitung,ID,1.4451,125.1824,76.05,80,100,3.62,overcast clouds
393,Keti Bandar,PK,24.1447,67.4497,76.44,41,0,7.47,clear sky
394,Xuddur,SO,4.1213,43.8894,73.11,63,17,10.09,few clouds
395,Hailar,CN,49.2,119.7,12.6,95,26,3.06,scattered clouds
396,Praya,CV,14.9215,-23.5087,75.74,73,75,17.27,broken clouds
397,Zhanaozen,KZ,43.3,52.8,31.89,72,43,5.61,scattered clouds
398,Oriximina,BR,-1.7656,-55.8661,91.24,45,86,5.59,overcast clouds
399,Hovd,MN,48.0056,91.6419,30.92,48,11,13.51,few clouds
400,Lethem,GY,3.3803,-59.7968,86.63,60,99,8.21,overcast clouds
401,Teya,RU,60.3778,92.6267,26.4,97,100,0.98,light snow
402,Jinan,CN,36.6683,116.9972,49.51,33,3,3.91,clear sky
403,Ipubi,BR,-7.6519,-40.1489,83.23,39,76,3.8,broken clouds
404,Ixtapa,MX,20.7,-105.2,80.22,72,1,8.01,clear sky
405,Carballo,ES,43.213,-8.691,55.9,91,100,8.37,overcast clouds
406,Bisho,ZA,-32.8472,27.4422,59.27,76,94,9.28,overcast clouds
407,Maraba,BR,-5.3686,-49.1178,84.38,70,20,4.61,thunderstorm
408,Adrar,MR,20.5022,-10.0711,74.1,30,2,9.95,clear sky
409,Ulkan,RU,57.243,107.3223,28.0,94,100,5.08,overcast clouds
410,Diamantino,BR,-14.4086,-56.4461,88.16,50,100,2.39,overcast clouds
411,Vestmannaeyjar,IS,63.4427,-20.2734,47.08,83,100,21.7,overcast clouds
412,Jeremie,HT,18.65,-74.1167,82.0,75,33,3.94,scattered clouds
413,Nang Rong,TH,14.6377,102.7914,73.58,88,90,2.44,overcast clouds
414,Marrakesh,MA,31.6315,-8.0083,71.67,28,0,6.91,clear sky
415,Yarada,IN,17.65,83.2667,68.32,94,0,2.3,mist
416,Washington,US,47.5001,-120.5015,44.19,66,16,2.73,few clouds
417,Aiquile,BO,-18.2041,-65.1807,69.78,51,41,18.7,scattered clouds
418,Sambava,MG,-14.2667,50.1667,71.94,91,7,7.23,light rain
419,Severomorsk,RU,69.0689,33.4162,36.0,85,100,17.69,overcast clouds
420,Belchatow,PL,51.3688,19.3567,40.98,83,23,3.15,few clouds
421,Emerald,AU,-23.5333,148.1667,73.35,43,68,18.45,broken clouds
422,Moissala,TD,8.3404,17.7663,76.66,33,8,4.65,clear sky
423,Rorvik,NO,64.8621,11.2373,41.11,60,0,9.22,clear sky
424,Korla,CN,41.7597,86.1469,35.28,52,40,3.0,scattered clouds
425,Cartagena,CO,10.3997,-75.5144,87.42,74,40,13.8,scattered clouds
426,Meulaboh,ID,4.1363,96.1285,75.31,90,100,4.85,overcast clouds
427,Matagami,CA,49.7502,-77.6328,23.11,86,100,6.91,overcast clouds
428,Morwell,AU,-38.2333,146.4,44.4,77,97,5.21,overcast clouds
429,Ramsar,IR,36.9226,50.6426,54.84,88,20,4.61,few clouds
430,Bend,US,44.0582,-121.3153,40.46,63,0,4.61,clear sky
431,Gimli,CA,50.6336,-96.9907,26.62,74,100,11.5,overcast clouds
432,Raahe,FI,64.6833,24.4833,30.29,75,36,4.14,scattered clouds
433,Ahuimanu,US,21.4447,-157.8378,80.2,62,26,5.01,scattered clouds
434,Vrangel,RU,42.7297,133.0839,33.03,58,0,6.04,clear sky
435,Hvolsvollur,IS,63.7533,-20.2243,44.58,92,100,3.15,overcast clouds
436,West Bay,KY,19.3667,-81.4167,85.06,82,10,3.0,clear sky
437,Shumskiy,RU,54.8318,99.1328,29.07,82,100,3.58,overcast clouds
438,Kysyl-Syr,RU,63.8986,122.7617,-34.37,100,82,2.59,broken clouds
439,Pokhara,NP,28.2333,83.9833,57.18,54,5,5.44,clear sky
440,Viedma,AR,-40.8135,-62.9967,80.85,22,0,11.79,clear sky
441,Konstantinovka,RU,49.6167,127.9833,22.8,96,100,5.75,light snow
442,Glace Bay,CA,46.1969,-59.957,37.96,73,75,12.66,broken clouds
443,Katobu,ID,-4.9408,122.5276,75.45,93,100,1.14,overcast clouds
444,Grand Gaube,MU,-20.0064,57.6608,72.0,66,68,4.0,broken clouds
445,Waingapu,ID,-9.6567,120.2641,81.01,81,100,0.94,overcast clouds
446,Chara,RU,56.9064,118.2631,-3.75,88,74,1.28,broken clouds
447,Bubaque,GW,11.2833,-15.8333,82.99,66,100,9.91,overcast clouds
448,Honiara,SB,-9.4333,159.95,81.91,79,47,0.83,scattered clouds
449,Mogadishu,SO,2.0371,45.3438,78.76,82,2,13.22,light rain
450,Zabid,YE,14.1951,43.3152,76.6,63,0,9.24,clear sky
451,Camacupa,AO,-12.0167,17.4833,63.28,92,60,3.47,light rain
452,Senneterre,CA,48.3835,-77.2328,25.47,68,100,6.06,overcast clouds
453,Sampit,ID,-2.5333,112.95,72.73,99,100,3.58,overcast clouds
454,Huron,US,41.1501,-82.5499,37.72,87,97,8.12,light snow
455,Sinnamary,GF,5.3833,-52.95,80.51,79,94,11.39,overcast clouds
456,Kenai,US,60.5544,-151.2583,33.15,98,0,3.44,clear sky
457,Minas De Barroteran,MX,27.6333,-101.2833,59.18,29,51,8.81,broken clouds
458,Galesong,ID,-5.3166,119.3661,75.22,86,100,3.98,overcast clouds
459,Muyezerskiy,RU,63.9333,31.65,28.8,87,100,6.42,overcast clouds
460,Valparaiso,CL,-33.0393,-71.6273,66.47,92,40,12.66,mist
461,De Aar,ZA,-30.6497,24.0123,69.08,49,41,7.45,scattered clouds
462,Tiruttani,IN,13.177,79.6128,71.47,90,1,2.44,clear sky
463,Dinguiraye,GN,11.3,-10.7167,71.87,84,100,1.36,overcast clouds
464,Lai,TD,9.3952,16.2989,78.6,34,64,1.79,broken clouds
465,Palana,RU,59.1167,159.9667,22.73,95,100,0.96,light snow
466,Alihe,CN,50.5667,123.7167,8.65,97,67,3.29,broken clouds
467,Halifax,CA,44.6453,-63.5724,38.44,66,75,12.66,broken clouds
468,Aguimes,ES,27.9054,-15.4461,70.43,40,0,8.05,clear sky
469,Zhigansk,RU,66.7697,123.3711,-17.88,97,100,12.68,overcast clouds
470,Tsabong,BW,-26.0217,22.401,82.08,30,40,3.53,scattered clouds
471,Ventspils,LV,57.3894,21.5606,42.73,81,100,11.5,overcast clouds
472,Vanimo,PG,-2.6741,141.3028,76.32,89,97,4.65,overcast clouds
473,Brownwood,US,31.7093,-98.9912,53.6,39,0,11.5,clear sky
474,Camacha,PT,33.0833,-16.3333,65.62,77,20,5.75,few clouds
475,Nong Kung Si,TH,16.65,103.3,76.82,99,2,4.41,clear sky
476,Urengoy,RU,65.9667,78.3667,-15.68,91,7,7.72,clear sky
477,Chapais,CA,49.7834,-74.8492,17.38,88,86,2.3,overcast clouds
478,Chumphon,TH,10.3333,98.8333,71.24,97,99,1.79,overcast clouds
479,Guiyang,CN,26.5833,106.7167,52.29,100,100,6.71,mist
480,Margate,GB,51.3813,1.3862,51.31,92,100,1.99,overcast clouds
481,Copiapo,CL,-27.3667,-70.3333,65.89,35,65,6.71,broken clouds
482,Zhangjiakou,CN,40.81,114.8794,34.02,55,10,0.16,clear sky
483,Hellin,ES,38.5106,-1.701,60.55,66,61,7.54,broken clouds
484,Am Timan,TD,11.0297,20.2827,78.4,26,68,4.94,broken clouds
485,Esperance,AU,-33.8667,121.9,53.06,82,3,15.12,clear sky
486,Kamaishi,JP,39.2667,141.8833,45.95,82,85,6.73,overcast clouds
487,Bajil,YE,15.0584,43.2851,79.7,57,0,4.65,clear sky
488,Verkhnyaya Inta,RU,65.9811,60.3094,-13.65,94,12,5.28,few clouds
489,Lilongwe,MW,-13.9669,33.7873,69.78,73,67,5.46,broken clouds
490,Nioro,GM,13.35,-15.75,79.02,47,66,6.49,broken clouds
491,Glencoe,ZA,-28.1783,30.147,60.75,64,0,3.65,clear sky
492,San Policarpo,PH,12.1791,125.5072,81.73,82,71,12.82,broken clouds
493,Jaisinghnagar,IN,23.7,81.3833,59.07,61,0,3.91,clear sky
494,San Francisco,US,37.7749,-122.4194,67.44,36,0,7.0,clear sky
495,Manado,ID,1.487,124.8455,75.97,100,40,2.3,scattered clouds
496,Khandyga,RU,62.6667,135.6,-38.22,100,100,1.3,overcast clouds
497,Birjand,IR,32.8663,59.2211,37.87,38,0,6.91,clear sky
498,Vuktyl,RU,63.8567,57.3094,-16.01,100,41,0.89,scattered clouds
499,Moree,AU,-29.4667,149.85,58.69,54,0,12.84,clear sky
500,San Patricio,US,28.017,-97.5169,60.66,43,75,13.44,broken clouds
501,Xai-Xai,MZ,-25.0519,33.6442,66.56,78,0,5.68,clear sky
502,Pathein,MM,16.7833,94.7333,73.49,81,100,3.89,overcast clouds
503,Lincoln,US,40.8,-96.667,36.18,65,40,12.66,scattered clouds
504,Mount Gambier,AU,-37.8333,140.7667,47.1,84,58,6.67,broken clouds
505,Zyryanka,RU,65.75,150.85,-16.11,95,100,13.44,overcast clouds
506,Barsovo,RU,61.1667,73.1667,-7.47,91,99,12.12,overcast clouds
507,Vila,PT,42.0304,-8.1588,45.7,92,100,6.06,overcast clouds
508,Lake City,US,30.1897,-82.6393,74.91,88,75,4.61,broken clouds
509,Bac Lieu,VN,9.285,105.7244,77.9,92,100,9.13,overcast clouds
510,Sechura,PE,-5.5569,-80.8222,72.61,61,100,13.85,overcast clouds
511,Baghdad,IQ,33.3406,44.4009,64.31,55,0,1.14,haze
512,Lumphat,KH,13.4878,106.9816,69.89,96,17,3.74,few clouds
513,Havoysund,NO,70.9963,24.6622,41.23,72,100,20.89,overcast clouds
514,Gazojak,TM,41.1875,61.4036,40.42,60,37,8.5,scattered clouds
515,Marevo,RU,57.3146,32.0804,29.28,93,80,7.09,broken clouds
516,Moron,AR,-34.6534,-58.6198,89.35,26,0,7.96,clear sky
517,Yeniseysk,RU,58.4497,92.1703,34.84,99,100,9.1,overcast clouds
518,Teguldet,RU,57.3064,88.1667,33.75,97,100,10.27,light snow
519,Sarkand,KZ,45.41,79.9186,41.67,71,100,10.78,light rain
520,Flin Flon,CA,54.7682,-101.865,13.84,85,100,5.75,overcast clouds
521,Mayo,US,38.8876,-76.5119,46.94,85,100,6.91,light rain
522,Kailua,US,21.4022,-157.7394,80.49,63,35,5.01,scattered clouds
523,Zlobin,HR,45.2924,14.6541,47.16,93,100,5.75,light rain
524,Grafton,US,42.207,-71.6856,41.5,51,0,1.01,clear sky
525,Unai,BR,-16.3575,-46.9061,76.8,77,99,2.01,light rain
526,Nome,US,64.5011,-165.4064,22.15,86,100,14.88,overcast clouds
527,Beloha,MG,-25.1667,45.05,73.89,79,99,3.62,overcast clouds
528,Sibolga,ID,1.7427,98.7792,74.26,93,100,1.97,overcast clouds
529,Calvinia,ZA,-31.4707,19.776,54.34,56,61,5.14,broken clouds
530,Wilmington,US,34.2257,-77.9447,67.91,90,100,8.05,mist
531,Kaka,TM,37.3482,59.6143,47.3,57,4,0.67,clear sky
532,Kostomuksha,RU,64.571,30.5767,28.76,90,100,7.36,overcast clouds
533,Oga,IT,46.4631,10.347,37.94,98,100,4.61,overcast clouds
534,Castanos,MX,26.7833,-101.4167,60.35,29,10,7.9,clear sky
535,Taltal,CL,-25.4,-70.4833,64.6,75,32,5.28,scattered clouds
536,Puerto Leguizamo,CO,-0.1934,-74.7819,75.61,93,100,1.23,overcast clouds
537,Ossora,RU,59.2353,163.0719,25.27,75,100,13.38,overcast clouds
538,Bainbridge,US,47.6262,-122.5212,54.99,74,2,8.99,clear sky
539,Pasni,PK,25.2631,63.471,77.94,70,0,2.13,clear sky
540,Palmas Bellas,PA,9.2319,-80.0867,82.35,81,100,7.34,light rain
541,Bonnyville,CA,54.2668,-110.735,34.92,86,44,10.98,scattered clouds
542,Bilibino,RU,68.0546,166.4372,0.05,88,100,9.01,overcast clouds
543,Praxedis Guerrero,MX,31.3667,-106.0167,56.05,26,100,10.67,overcast clouds
544,Chute-Aux-Outardes,CA,49.1168,-68.399,28.38,74,100,5.75,overcast clouds
545,Launceston,AU,-41.45,147.1667,49.6,68,10,9.22,clear sky
546,Anadyr,RU,64.75,177.4833,36.1,93,75,33.55,light intensity shower rain
547,Bahia Blanca,AR,-38.7196,-62.2724,85.55,20,0,13.65,clear sky
548,Urumqi,CN,43.801,87.6005,31.15,75,97,4.47,mist
549,Pacific Grove,US,36.6177,-121.9166,66.65,62,0,15.01,clear sky
550,Bandarbeyla,SO,9.4942,50.8122,78.96,74,11,16.28,few clouds
551,Lasa,IT,46.6166,10.7002,43.02,97,100,3.83,overcast clouds
552,Cap Malheureux,MU,-19.9842,57.6142,68.47,66,61,4.0,broken clouds
553,Gravdal,NO,68.1214,13.5031,30.09,93,0,3.44,clear sky
554,Esil,KZ,51.9556,66.4042,24.48,96,100,8.66,light snow
555,Virginia Beach,US,36.8529,-75.978,61.02,88,100,9.22,overcast clouds
556,Raga,SS,8.4596,25.678,74.7,30,21,4.21,few clouds
557,Sioux Lookout,CA,50.1001,-91.917,24.87,86,100,6.91,snow
558,Diffa,NE,13.3154,12.6113,74.91,22,35,9.46,scattered clouds
559,Awjilah,LY,29.1081,21.2869,61.97,49,0,2.64,clear sky
560,Ternate,ID,0.8,127.4,81.48,78,100,3.51,overcast clouds
561,Vila Velha,BR,-20.3297,-40.2925,80.55,89,100,9.22,overcast clouds
562,Kota Belud,MY,6.351,116.4305,76.44,89,100,3.4,overcast clouds
563,Ilo,PE,-17.6394,-71.3375,72.46,60,0,10.36,clear sky
564,Manitouwadge,CA,49.1215,-85.8403,24.91,72,88,5.44,overcast clouds
565,Batemans Bay,AU,-35.7167,150.1833,49.93,79,33,3.89,scattered clouds
566,Solnechnyy,RU,50.7214,136.6319,13.86,95,29,1.01,scattered clouds
567,Magadan,RU,59.5667,150.8,5.09,70,0,4.27,clear sky
568,Waw,SS,7.7029,27.9953,81.48,30,82,3.8,broken clouds
569,Voh,NC,-20.9667,164.7,80.87,65,41,0.83,scattered clouds
570,Thinadhoo,MV,0.5333,72.9333,81.32,74,98,14.85,overcast clouds
571,Saint-Pierre,RE,-21.3393,55.4781,67.91,60,0,4.61,clear sky
572,Fenoarivo,MG,-18.933,47.4354,64.47,77,75,10.36,broken clouds
573,Teguise,ES,29.0605,-13.564,70.02,40,0,2.3,clear sky
574,Talmenka,RU,53.8183,83.5677,32.38,97,100,18.5,light snow
575,Thabazimbi,ZA,-24.5917,27.4116,72.07,47,23,4.38,few clouds
576,Corrente,BR,-3.7367,-43.3394,81.19,68,32,4.32,scattered clouds
577,Mount Isa,AU,-20.7333,139.5,73.17,25,55,14.97,broken clouds
578,Dolores,AR,-36.3132,-57.6792,84.63,23,1,13.02,clear sky
579,Port-Cartier,CA,50.0334,-66.8654,26.28,81,67,7.02,broken clouds
580,Svetlaya,RU,46.5389,138.3297,24.3,71,14,6.31,few clouds
581,Claveria,PH,18.6074,121.0832,77.65,88,20,13.38,few clouds
582,Suileng,CN,47.25,127.0833,25.5,67,100,9.08,light snow
583,Porto Novo,BJ,6.4965,2.6036,82.22,82,38,5.95,scattered clouds
584,Havre-Saint-Pierre,CA,50.2334,-63.5986,28.4,68,100,8.05,overcast clouds
585,Faya,SA,18.3851,42.4509,59.11,81,23,4.0,few clouds
586,Vao,NC,-22.6667,167.4833,74.57,74,24,6.71,few clouds
587,Hobyo,SO,5.3505,48.5268,80.02,76,36,11.86,scattered clouds
588,Sangar,RU,63.9242,127.4739,-38.52,99,42,2.59,scattered clouds
589,Acoyapa,NI,11.9703,-85.1711,89.69,90,99,9.19,overcast clouds
590,Nosy Varika,MG,-20.5833,48.5333,72.14,84,100,6.76,light rain
591,Ambilobe,MG,-13.2,49.05,74.71,82,80,1.99,light rain
592,Shache,CN,38.4167,77.2406,36.27,36,0,1.21,clear sky
593,Grenaa,DK,56.4158,10.8783,50.22,95,100,29.28,overcast clouds
594,Dauriya,RU,49.9333,116.8667,8.08,96,45,1.07,scattered clouds
595,Goderich,CA,43.7501,-81.7165,33.91,80,100,14.97,overcast clouds
596,Biltine,TD,14.5333,20.9167,74.86,22,5,8.61,clear sky
597,Sankt Florian,AT,48.2057,14.3784,43.59,91,75,5.75,broken clouds
598,Andenes,NO,69.3143,16.1194,31.98,86,0,10.36,clear sky
599,Mitu,CO,1.1983,-70.1733,75.04,98,100,0.78,moderate rain
600,Luanda,AO,-8.8368,13.2343,75.2,78,20,8.05,few clouds
601,Trinidad,BO,-14.8333,-64.9,85.98,66,40,4.61,scattered clouds
602,Oksfjord,NO,70.2396,22.3479,41.18,91,99,5.41,overcast clouds
603,Hella,NO,67.2,14.4333,35.06,71,0,16.11,clear sky
604,Martinsburg,US,39.4562,-77.9639,37.51,89,100,4.61,moderate rain
605,Lososina,RU,48.9975,140.3106,22.41,71,34,5.66,scattered clouds
606,Evanston,US,42.0411,-87.6901,37.96,87,100,3.0,overcast clouds
607,Tonder,DK,54.9331,8.8667,50.41,90,93,5.99,overcast clouds
608,Alta Floresta,BR,-9.8756,-56.0861,82.81,66,69,1.21,broken clouds
609,Tombouctou,ML,20.0,-3.0,77.43,15,74,9.64,broken clouds
610,Morden,CA,49.1919,-98.1014,22.86,80,37,9.22,scattered clouds
611,Burley,US,42.5357,-113.7928,31.96,74,40,4.61,scattered clouds
612,Ratnagiri,IN,16.9833,73.3,75.49,66,0,3.78,clear sky
613,Bima,ID,-8.4667,118.7167,78.24,89,100,1.19,overcast clouds
614,Surt,LY,31.2089,16.5887,68.18,52,0,6.8,clear sky
615,Pinhao,BR,-25.6956,-51.6597,62.58,65,0,5.68,clear sky
616,Asfi,MA,32.2994,-9.2372,67.1,71,70,5.3,broken clouds
617,Huarmey,PE,-10.0681,-78.1522,68.7,74,58,10.36,broken clouds
618,Wencheng,CN,33.0559,113.7978,50.13,60,91,3.09,overcast clouds
619,Dhidhdhoo,MV,6.8833,73.1,80.98,78,98,8.41,overcast clouds
620,Pontal Do Parana,BR,-25.6533,-48.5128,78.75,31,0,9.22,clear sky
621,Ler,SS,8.3018,30.1418,78.26,40,14,4.81,few clouds
622,Mananara,MG,-16.1667,49.7667,72.0,89,35,2.82,light rain
623,Nanzhang,CN,31.7765,111.8386,56.41,64,100,1.23,overcast clouds
624,Sao Felipe,BR,-14.8167,-41.3833,78.94,64,100,6.26,overcast clouds
625,Ardakan,IR,32.31,54.0175,56.8,36,0,5.93,clear sky
626,Comodoro Rivadavia,AR,-45.8667,-67.5,84.06,20,0,21.85,clear sky
627,Beaverlodge,CA,55.2166,-119.4361,34.95,95,66,3.98,broken clouds
628,Jaisalmer,IN,26.9147,70.9181,68.95,38,0,7.52,clear sky
629,Havelock,US,34.8791,-76.9013,71.58,83,92,3.0,light rain
630,Omboue,GA,-1.5746,9.2618,77.16,84,53,6.64,broken clouds
631,Belaya Gora,RU,68.5333,146.4167,-19.1,98,100,4.41,overcast clouds
632,Daru,PG,-9.0763,143.2092,77.52,93,100,3.91,overcast clouds
633,Fare,PF,-16.7,-151.0167,78.82,76,97,3.15,overcast clouds
634,Zaraza,VE,9.3503,-65.3245,80.2,86,81,4.43,broken clouds
635,Anapolis,BR,-16.3267,-48.9528,71.2,88,40,9.22,thunderstorm with light rain
636,Mudanjiang,CN,44.5833,129.6,21.33,91,89,2.66,overcast clouds
637,Come,BJ,6.4076,1.882,79.47,80,97,7.25,overcast clouds
638,Westport,US,41.1415,-73.3579,45.75,53,100,4.0,overcast clouds
639,High Level,CA,58.5169,-117.136,35.71,80,75,12.66,smoke
640,Kabo,CF,7.6994,18.629,75.06,34,43,3.02,scattered clouds
641,Karasjok,NO,69.4719,25.5112,20.62,94,98,5.06,overcast clouds
642,Arman,RU,59.7,150.1667,-0.2,75,2,8.23,clear sky
643,Zaozerne,UA,45.1582,33.2787,50.18,76,96,5.17,overcast clouds
644,Nisia Floresta,BR,-6.0911,-35.2086,77.77,75,38,9.04,scattered clouds
645,Aasiaat,GL,68.7098,-52.8699,20.01,92,100,1.3,light snow
646,Armash,AM,39.7653,44.809,47.7,46,0,5.84,clear sky
647,Arima,TT,10.6333,-61.2833,82.44,91,52,8.01,moderate rain
648,Kawalu,ID,-7.3817,108.2082,71.51,98,100,0.94,light rain
649,Mulege,MX,26.8833,-111.9833,72.59,45,91,11.95,overcast clouds
650,Erzin,TR,36.9559,36.2,63.03,58,99,6.2,light rain
651,Maningrida,AU,-12.0667,134.2667,82.26,76,91,3.58,overcast clouds
652,Aklavik,CA,68.2191,-135.0107,3.33,94,34,7.76,scattered clouds
653,Bekhtery,UA,46.251,32.2927,52.5,74,100,10.22,overcast clouds
654,Shingu,JP,33.7333,135.9833,50.4,68,0,7.23,clear sky
655,Vyshkov,RU,52.4764,31.6873,38.71,95,41,5.08,scattered clouds
656,Dhenkanal,IN,20.6667,85.6,61.0,65,3,3.58,clear sky
657,Ayr,GB,55.4627,-4.6339,46.31,100,40,5.75,scattered clouds
658,Srednekolymsk,RU,67.45,153.6833,-28.19,100,48,7.74,scattered clouds
659,Pljevlja,ME,43.3333,19.3333,45.21,88,95,4.5,overcast clouds
660,Holland,US,42.7875,-86.1089,34.41,92,100,6.91,snow
661,Aykhal,RU,66.0,111.5,-21.03,99,99,6.71,overcast clouds
662,Matara,LK,5.9485,80.5353,75.74,90,100,2.06,overcast clouds
663,Bentiu,SS,9.2333,29.8333,77.49,40,63,5.12,broken clouds
664,Cardston,CA,49.2,-113.3019,38.14,73,100,11.45,overcast clouds
665,Utiel,ES,39.5667,-1.2,57.47,74,100,22.91,overcast clouds
666,Ust-Nera,RU,64.5667,143.2,-5.44,99,100,5.44,light snow
667,Saint-Joseph,RE,-21.3667,55.6167,66.58,72,18,9.31,few clouds
668,Santa Luzia,BR,-19.7697,-43.8514,70.7,93,100,2.91,moderate rain
669,Simbahan,PH,6.3032,120.5836,82.35,81,96,7.85,overcast clouds
670,General Roca,AR,-39.0333,-67.5833,86.63,22,0,12.95,clear sky
671,Cayenne,GF,4.9333,-52.3333,86.04,66,0,11.5,clear sky
672,Marsh Harbour,BS,26.5412,-77.0636,80.06,72,14,7.02,few clouds
673,Monrovia,LR,6.3005,-10.7969,78.55,80,98,2.59,light rain
674,Grand Baie,MU,-20.0182,57.5802,68.45,66,58,5.01,broken clouds
675,Pimentel,PE,-6.8367,-79.9342,71.89,64,0,17.27,clear sky
676,Maykor,RU,59.0059,55.88,8.96,82,49,6.51,scattered clouds
677,Bogale,MM,16.2833,95.4,73.31,81,100,2.98,overcast clouds
678,Hanzhong,CN,33.0728,107.0303,53.44,72,100,1.01,overcast clouds
679,Male,MV,4.1748,73.5089,81.16,78,100,11.74,overcast clouds
680,Betamcherla,IN,15.4667,78.1667,69.1,85,10,3.98,clear sky
681,Aguie,NE,13.506,7.7786,72.84,20,5,9.93,clear sky
682,Bourail,NC,-21.5667,165.4833,77.59,68,34,3.96,scattered clouds
683,Jacareacanga,BR,-6.2222,-57.7528,74.55,97,100,3.65,overcast clouds
684,Naryan-Mar,RU,67.6713,53.087,21.87,90,100,17.34,overcast clouds
685,Santa Comba,ES,43.0331,-8.8093,52.68,92,100,7.7,overcast clouds
686,Tara,RU,56.8944,74.371,20.23,94,100,7.31,overcast clouds
687,Nuuk,GL,64.1835,-51.7216,25.41,93,75,14.97,light shower snow
688,Berlevag,NO,70.8578,29.0864,40.95,81,100,28.77,light intensity drizzle
689,Kibala,TD,9.1104,18.3463,78.03,31,15,3.13,few clouds
690,Ca Mau,VN,9.1769,105.15,75.49,97,100,4.97,overcast clouds
691,Camocim,BR,-2.9022,-40.8411,80.11,71,22,18.81,few clouds
692,Tagusao,PH,9.1924,117.8141,79.2,84,100,4.61,overcast clouds
693,Excelsior Springs,US,39.3392,-94.2261,38.48,78,100,9.22,light rain
694,Budogoshch,RU,59.2816,32.4707,27.19,97,44,4.59,scattered clouds
695,Laguna,US,38.421,-121.4238,69.08,33,0,14.97,clear sky
696,Mandera,KE,3.9366,41.867,84.4,47,89,7.74,overcast clouds
697,Sungairaya,ID,0.7,108.9,78.44,86,100,2.28,overcast clouds
698,Nemuro,JP,43.3236,145.575,45.34,79,100,13.58,light rain
699,Kushmurun,KZ,52.4503,64.6311,21.22,93,100,12.5,light snow
700,Mandalgovi,MN,45.7625,106.2708,26.11,40,3,8.59,clear sky
701,Talaya,RU,61.3833,152.75,-16.28,98,99,1.9,overcast clouds
702,Maldonado,UY,-34.6667,-54.9167,69.22,56,0,10.33,clear sky
703,Harper,LR,4.375,-7.7169,77.95,84,18,5.39,light rain
704,Ginda,IN,30.6945,78.4932,44.89,42,1,7.49,clear sky
705,Conceicao Do Araguaia,BR,-8.2578,-49.2647,82.0,74,100,3.96,moderate rain
